{"options":{"check_for_updates":true,"comment":null,"compatopts_for_requires":true,"compat_wrappedjsobject":false,"compat_metadata":false,"compat_foreach":false,"compat_arrayleft":false,"compat_uW_gmonkey":false,"compat_forvarin":false,"noframes":null,"awareOfChrome":false,"run_at":null,"override":{"use_includes":[],"orig_includes":["https://www.baidu.com/*","http://www.baidu.com/*","http://www.sogou.com/web*","https://www.sogou.com/web*","http://www.sogou.com/sie*","https://www.sogou.com/sie*","https://www.so.com/s?*","https://www.so.com/s?*","/^https?://\\w+.bing.com/.*/","/^https?\\:\\/\\/encrypted.google.[^\\/]+/","/^https?\\:\\/\\/www.google.[^\\/]+/","https://*.zhidao.baidu.com/*","https://zhidao.baidu.com/*","*.zhihu.com/*"],"merge_includes":true,"use_matches":[],"orig_matches":[],"merge_matches":true,"use_excludes":[],"orig_excludes":[],"merge_excludes":true,"use_connects":[],"merge_connects":true,"use_blockers":[],"orig_run_at":"document-start","orig_noframes":null,"orig_connects":["*"]}},"settings":{"enabled":true,"position":1},"meta":{"name":"AC-baidu： 优化百度、搜狗、谷歌搜索结果之重定向去除+去广告+favicon","uuid":"31a4057c-a197-4c9d-8e7d-c529b17a4699","modified":1520313644789,"file_url":"https://greasyfork.org/scripts/14178-ac-baidu-%E4%BC%98%E5%8C%96%E7%99%BE%E5%BA%A6-%E6%90%9C%E7%8B%97-%E8%B0%B7%E6%AD%8C%E6%90%9C%E7%B4%A2%E7%BB%93%E6%9E%9C%E4%B9%8B%E9%87%8D%E5%AE%9A%E5%90%91%E5%8E%BB%E9%99%A4-%E5%8E%BB%E5%B9%BF%E5%91%8A-favicon/code/AC-baidu%EF%BC%9A%20%E4%BC%98%E5%8C%96%E7%99%BE%E5%BA%A6%E3%80%81%E6%90%9C%E7%8B%97%E3%80%81%E8%B0%B7%E6%AD%8C%E6%90%9C%E7%B4%A2%E7%BB%93%E6%9E%9C%E4%B9%8B%E9%87%8D%E5%AE%9A%E5%90%91%E5%8E%BB%E9%99%A4+%E5%8E%BB%E5%B9%BF%E5%91%8A+favicon.user.js"}}