{"options":{"check_for_updates":true,"comment":null,"compatopts_for_requires":true,"compat_wrappedjsobject":false,"compat_metadata":false,"compat_foreach":false,"compat_arrayleft":false,"compat_uW_gmonkey":false,"compat_forvarin":false,"noframes":null,"awareOfChrome":false,"run_at":null,"override":{"use_includes":[],"orig_includes":[],"merge_includes":true,"use_matches":[],"orig_matches":["*://www.bilibili.com/video/av*","*://bangumi.bilibili.com/anime/*/play*","*://www.bilibili.com/watchlater/"],"merge_matches":true,"use_excludes":[],"orig_excludes":[],"merge_excludes":true,"use_connects":[],"merge_connects":true,"use_blockers":[],"orig_run_at":"document-idle","orig_noframes":null}},"settings":{"enabled":false,"position":13},"meta":{"name":"bilibili merged flv+mp4+ass+enhance","uuid":"725e4808-d535-4c88-8b29-76ca2d055d0c","modified":1520178675628,"file_url":"https://greasyfork.org/scripts/27819-bilibili-merged-flv-mp4-ass-enhance/code/bilibili%20merged%20flv+mp4+ass+enhance.user.js"}}