{"options":{"check_for_updates":true,"comment":null,"compatopts_for_requires":true,"compat_wrappedjsobject":false,"compat_metadata":false,"compat_foreach":false,"compat_arrayleft":false,"compat_uW_gmonkey":false,"compat_forvarin":false,"noframes":null,"awareOfChrome":false,"run_at":null,"override":{"use_includes":[],"orig_includes":["/^https?\\:\\/\\/(www|news|maps|docs|cse|encrypted)\\.google\\./"],"merge_includes":true,"use_matches":[],"orig_matches":[],"merge_matches":true,"use_excludes":[],"orig_excludes":[],"merge_excludes":true,"use_connects":[],"merge_connects":true,"use_blockers":[],"orig_run_at":"document-end","orig_noframes":null}},"settings":{"enabled":true,"position":4},"meta":{"name":"Direct Google","uuid":"9a729d61-20c3-4208-8e76-11bd512e3525","modified":1520178675588,"file_url":"https://greasyfork.org/scripts/18953-direct-google/code/Direct%20Google.user.js"}}