{"options":{"check_for_updates":true,"comment":null,"compatopts_for_requires":true,"compat_wrappedjsobject":false,"compat_metadata":false,"compat_foreach":false,"compat_arrayleft":false,"compat_uW_gmonkey":false,"compat_forvarin":false,"noframes":null,"awareOfChrome":false,"run_at":null,"override":{"use_includes":[],"orig_includes":["http://www.verycd.com/topics/*"],"merge_includes":true,"use_matches":[],"orig_matches":[],"merge_matches":true,"use_excludes":[],"orig_excludes":[],"merge_excludes":true,"use_connects":[],"merge_connects":true,"use_blockers":[],"orig_run_at":"document-idle","orig_noframes":null}},"settings":{"enabled":true,"position":5},"meta":{"name":"verycd补全下载链接【修改版】","uuid":"124bfcc5-4f50-4c75-a0ee-bfef8302b421","modified":1520178675592,"file_url":"https://greasyfork.org/scripts/22964-verycd%E8%A1%A5%E5%85%A8%E4%B8%8B%E8%BD%BD%E9%93%BE%E6%8E%A5-%E4%BF%AE%E6%94%B9%E7%89%88/code/verycd%E8%A1%A5%E5%85%A8%E4%B8%8B%E8%BD%BD%E9%93%BE%E6%8E%A5%E3%80%90%E4%BF%AE%E6%94%B9%E7%89%88%E3%80%91.user.js"}}