{"options":{"check_for_updates":true,"comment":null,"compatopts_for_requires":true,"compat_wrappedjsobject":false,"compat_metadata":false,"compat_foreach":false,"compat_arrayleft":false,"compat_uW_gmonkey":false,"compat_forvarin":false,"noframes":null,"awareOfChrome":false,"run_at":null,"override":{"use_includes":[],"orig_includes":["*://tieba.baidu.com/p/*","*://tieba.baidu.com/f?ct*"],"merge_includes":true,"use_matches":[],"orig_matches":[],"merge_matches":true,"use_excludes":[],"orig_excludes":[],"merge_excludes":true,"use_connects":[],"merge_connects":true,"use_blockers":[],"orig_run_at":"document-end","orig_noframes":null}},"settings":{"enabled":true,"position":2},"meta":{"name":"百度贴吧不可能会跳转！","uuid":"27b6d527-d7e0-4d49-b0ee-5d1bba9f9f57","modified":1520178675571,"file_url":"https://greasyfork.org/scripts/783-%E7%99%BE%E5%BA%A6%E8%B4%B4%E5%90%A7%E4%B8%8D%E5%8F%AF%E8%83%BD%E4%BC%9A%E8%B7%B3%E8%BD%AC/code/%E7%99%BE%E5%BA%A6%E8%B4%B4%E5%90%A7%E4%B8%8D%E5%8F%AF%E8%83%BD%E4%BC%9A%E8%B7%B3%E8%BD%AC%EF%BC%81.user.js"}}