{"options":{"check_for_updates":true,"comment":null,"compatopts_for_requires":true,"compat_wrappedjsobject":false,"compat_metadata":false,"compat_foreach":false,"compat_arrayleft":false,"compat_uW_gmonkey":false,"compat_forvarin":false,"noframes":null,"awareOfChrome":false,"run_at":null,"override":{"use_includes":[],"orig_includes":["http://*.zhihu.com/*","https://*.zhihu.com/*"],"merge_includes":true,"use_matches":[],"orig_matches":["http://*.zhihu.com/*","https://*.zhihu.com/*"],"merge_matches":true,"use_excludes":[],"orig_excludes":[],"merge_excludes":true,"use_connects":[],"merge_connects":true,"use_blockers":[],"orig_run_at":"document-start","orig_noframes":null}},"settings":{"enabled":true,"position":6},"meta":{"name":"知乎免登录","uuid":"6338b4e2-b2a2-4f3f-b9f3-e1eb8a5c9ace","modified":1520178675595,"file_url":"https://greasyfork.org/scripts/25885-%E7%9F%A5%E4%B9%8E%E5%85%8D%E7%99%BB%E5%BD%95/code/%E7%9F%A5%E4%B9%8E%E5%85%8D%E7%99%BB%E5%BD%95.user.js"}}