{"options":{"check_for_updates":true,"comment":null,"compatopts_for_requires":true,"compat_wrappedjsobject":false,"compat_metadata":false,"compat_foreach":false,"compat_arrayleft":false,"compat_uW_gmonkey":false,"compat_forvarin":false,"noframes":null,"awareOfChrome":false,"run_at":null,"override":{"use_includes":[],"orig_includes":["*"],"merge_includes":true,"use_matches":[],"orig_matches":[],"merge_matches":true,"use_excludes":[],"orig_excludes":[],"merge_excludes":true,"use_connects":[],"merge_connects":true,"use_blockers":[],"orig_run_at":"document-idle","orig_noframes":null}},"settings":{"enabled":false,"position":12},"meta":{"name":"谷歌翻译提示框扩展","uuid":"8778edc2-e4e3-4744-ad7b-0f681f8580e4","modified":1520178675624,"file_url":"https://greasyfork.org/scripts/662-%E8%B0%B7%E6%AD%8C%E7%BF%BB%E8%AF%91%E6%8F%90%E7%A4%BA%E6%A1%86%E6%89%A9%E5%B1%95/code/%E8%B0%B7%E6%AD%8C%E7%BF%BB%E8%AF%91%E6%8F%90%E7%A4%BA%E6%A1%86%E6%89%A9%E5%B1%95.user.js"}}